,stock
0,0001.HK
1,0002.HK
2,0003.HK
3,0004.HK
4,0005.HK
5,0006.HK
6,0007.HK
7,0008.HK
8,0009.HK
9,0010.HK
10,0011.HK
11,0012.HK
12,0014.HK
13,0016.HK
14,0017.HK
15,0018.HK
16,0019.HK
17,0020.HK
18,0021.HK
19,0022.HK
20,0023.HK
21,0024.HK
22,0025.HK
23,0027.HK
24,0029.HK
25,0030.HK
26,0031.HK
27,0032.HK
28,0034.HK
29,0035.HK
30,0036.HK
31,0037.HK
32,0038.HK
33,0039.HK
34,0040.HK
35,0041.HK
36,0043.HK
37,0044.HK
38,0045.HK
39,0046.HK
40,0050.HK
41,0052.HK
42,0053.HK
43,0054.HK
44,0055.HK
45,0056.HK
46,0057.HK
47,0058.HK
48,0059.HK
49,0060.HK
50,0061.HK
51,0062.HK
52,0064.HK
53,0066.HK
54,0068.HK
55,0069.HK
56,0071.HK
57,0075.HK
58,0076.HK
59,0077.HK
60,0078.HK
61,0081.HK
62,0083.HK
63,0084.HK
64,0085.HK
65,0086.HK
66,0088.HK
67,0089.HK
68,0091.HK
69,0092.HK
70,0093.HK
71,0095.HK
72,0097.HK
73,0099.HK
74,0100.HK
75,0101.HK
76,0102.HK
77,0103.HK
78,0104.HK
79,0107.HK
80,0108.HK
81,0109.HK
82,0110.HK
83,0112.HK
84,0113.HK
85,0114.HK
86,0115.HK
87,0116.HK
88,0118.HK
89,0119.HK
90,0120.HK
91,0121.HK
92,0122.HK
93,0123.HK
94,0124.HK
95,0126.HK
96,0127.HK
97,0128.HK
98,0129.HK
99,0130.HK
100,0133.HK
101,0135.HK
102,0136.HK
103,0137.HK
104,0138.HK
105,0139.HK
106,0142.HK
107,0144.HK
108,0145.HK
109,0146.HK
110,0147.HK
111,0148.HK
112,0152.HK
113,0154.HK
114,0155.HK
115,0156.HK
116,0157.HK
117,0163.HK
118,0164.HK
119,0167.HK
120,0169.HK
121,0171.HK
122,0172.HK
123,0173.HK
124,0174.HK
125,0175.HK
126,0176.HK
127,0177.HK
128,0178.HK
129,0179.HK
130,0180.HK
131,0184.HK
132,0185.HK
133,0186.HK
134,0187.HK
135,0188.HK
136,0190.HK
137,0191.HK
138,0194.HK
139,0197.HK
140,0199.HK
141,0200.HK
142,0201.HK
143,0204.HK
144,0205.HK
145,0207.HK
146,0209.HK
147,0210.HK
148,0211.HK
149,0213.HK
150,0214.HK
151,0217.HK
152,0218.HK
153,0219.HK
154,0221.HK
155,0223.HK
156,0224.HK
157,0225.HK
158,0226.HK
159,0227.HK
160,0229.HK
161,0230.HK
162,0232.HK
163,0233.HK
164,0235.HK
165,0236.HK
166,0237.HK
167,0239.HK
168,0240.HK
169,0242.HK
170,0243.HK
171,0244.HK
172,0247.HK
173,0248.HK
174,0250.HK
175,0251.HK
176,0253.HK
177,0254.HK
178,0255.HK
179,0256.HK
180,0257.HK
181,0259.HK
182,0260.HK
183,0261.HK
184,0262.HK
185,0264.HK
186,0265.HK
187,0267.HK
188,0268.HK
189,0270.HK
190,0271.HK
191,0272.HK
192,0273.HK
193,0275.HK
194,0276.HK
195,0277.HK
196,0279.HK
197,0282.HK
198,0286.HK
199,0290.HK
200,0291.HK
201,0292.HK
202,0293.HK
203,0294.HK
204,0296.HK
205,0297.HK
206,0298.HK
207,0299.HK
208,0300.HK
209,0303.HK
210,0305.HK
211,0306.HK
212,0307.HK
213,0308.HK
214,0309.HK
215,0310.HK
216,0311.HK
217,0315.HK
218,0316.HK
219,0317.HK
220,0318.HK
221,0321.HK
222,0322.HK
223,0323.HK
224,0326.HK
225,0328.HK
226,0329.HK
227,0330.HK
228,0332.HK
229,0335.HK
230,0336.HK
231,0337.HK
232,0338.HK
233,0340.HK
234,0341.HK
235,0342.HK
236,0343.HK
237,0345.HK
238,0346.HK
239,0347.HK
240,0352.HK
241,0353.HK
242,0355.HK
243,0356.HK
244,0357.HK
245,0358.HK
246,0363.HK
247,0364.HK
248,0366.HK
249,0367.HK
250,0369.HK
251,0370.HK
252,0372.HK
253,0373.HK
254,0374.HK
255,0375.HK
256,0376.HK
257,0378.HK
258,0379.HK
259,0380.HK
260,0381.HK
261,0383.HK
262,0384.HK
263,0385.HK
264,0386.HK
265,0387.HK
266,0388.HK
267,0391.HK
268,0392.HK
269,0393.HK
270,0395.HK
271,0397.HK
272,0398.HK
273,0402.HK
274,0403.HK
275,0404.HK
276,0406.HK
277,0408.HK
278,0411.HK
279,0412.HK
280,0413.HK
281,0417.HK
282,0418.HK
283,0420.HK
284,0423.HK
285,0425.HK
286,0428.HK
287,0431.HK
288,0432.HK
289,0438.HK
290,0439.HK
291,0440.HK
292,0450.HK
293,0451.HK
294,0456.HK
295,0458.HK
296,0460.HK
297,0464.HK
298,0471.HK
299,0474.HK
300,0475.HK
301,0476.HK
302,0480.HK
303,0482.HK
304,0483.HK
305,0485.HK
306,0487.HK
307,0488.HK
308,0489.HK
309,0491.HK
310,0493.HK
311,0494.HK
312,0496.HK
313,0497.HK
314,0498.HK
315,0499.HK
316,0508.HK
317,0511.HK
318,0513.HK
319,0515.HK
320,0517.HK
321,0518.HK
322,0519.HK
323,0521.HK
324,0522.HK
325,0524.HK
326,0525.HK
327,0526.HK
328,0527.HK
329,0528.HK
330,0531.HK
331,0532.HK
332,0533.HK
333,0535.HK
334,0536.HK
335,0538.HK
336,0539.HK
337,0544.HK
338,0547.HK
339,0551.HK
340,0552.HK
341,0554.HK
342,0555.HK
343,0557.HK
344,0558.HK
345,0559.HK
346,0560.HK
347,0563.HK
348,0566.HK
349,0567.HK
350,0568.HK
351,0570.HK
352,0571.HK
353,0572.HK
354,0575.HK
355,0576.HK
356,0577.HK
357,0578.HK
358,0581.HK
359,0583.HK
360,0585.HK
361,0587.HK
362,0589.HK
363,0590.HK
364,0592.HK
365,0593.HK
366,0595.HK
367,0596.HK
368,0598.HK
369,0599.HK
370,0601.HK
371,0604.HK
372,0605.HK
373,0607.HK
374,0608.HK
375,0609.HK
376,0610.HK
377,0611.HK
378,0612.HK
379,0613.HK
380,0616.HK
381,0617.HK
382,0618.HK
383,0619.HK
384,0620.HK
385,0621.HK
386,0622.HK
387,0626.HK
388,0627.HK
389,0628.HK
390,0629.HK
391,0630.HK
392,0632.HK
393,0637.HK
394,0638.HK
395,0641.HK
396,0643.HK
397,0646.HK
398,0648.HK
399,0650.HK
400,0651.HK
401,0653.HK
402,0655.HK
403,0657.HK
404,0659.HK
405,0661.HK
406,0665.HK
407,0666.HK
408,0668.HK
409,0669.HK
410,0670.HK
411,0674.HK
412,0675.HK
413,0678.HK
414,0680.HK
415,0682.HK
416,0683.HK
417,0684.HK
418,0685.HK
419,0686.HK
420,0687.HK
421,0688.HK
422,0690.HK
423,0692.HK
424,0693.HK
425,0694.HK
426,0696.HK
427,0697.HK
428,0698.HK
429,0700.HK
430,0702.HK
431,0704.HK
432,0706.HK
433,0708.HK
434,0709.HK
435,0710.HK
436,0711.HK
437,0715.HK
438,0716.HK
439,0717.HK
440,0718.HK
441,0719.HK
442,0720.HK
443,0721.HK
444,0723.HK
445,0724.HK
446,0725.HK
447,0727.HK
448,0728.HK
449,0729.HK
450,0730.HK
451,0731.HK
452,0732.HK
453,0736.HK
454,0737.HK
455,0738.HK
456,0746.HK
457,0751.HK
458,0752.HK
459,0754.HK
460,0755.HK
461,0758.HK
462,0759.HK
463,0760.HK
464,0761.HK
465,0762.HK
466,0763.HK
467,0764.HK
468,0765.HK
469,0766.HK
470,0767.HK
471,0768.HK
472,0769.HK
473,0770.HK
474,0771.HK
475,0809.HK
476,0810.HK
477,0812.HK
478,0818.HK
479,0828.HK
480,0833.HK
481,0835.HK
482,0836.HK
483,0838.HK
484,0842.HK
485,0850.HK
486,0851.HK
487,0855.HK
488,0856.HK
489,0857.HK
490,0858.HK
491,0860.HK
492,0861.HK
493,0862.HK
494,0868.HK
495,0874.HK
496,0878.HK
497,0883.HK
498,0885.HK
499,0888.HK
500,0889.HK
501,0894.HK
502,0896.HK
503,0897.HK
504,0900.HK
505,0901.HK
506,0902.HK
507,0903.HK
508,0907.HK
509,0908.HK
510,0912.HK
511,0913.HK
512,0914.HK
513,0915.HK
514,0918.HK
515,0919.HK
516,0927.HK
517,0928.HK
518,0929.HK
519,0938.HK
520,0939.HK
521,0940.HK
522,0941.HK
523,0945.HK
524,0950.HK
525,0952.HK
526,0960.HK
527,0966.HK
528,0969.HK
529,0970.HK
530,0978.HK
531,0980.HK
532,0981.HK
533,0983.HK
534,0984.HK
535,0986.HK
536,0987.HK
537,0989.HK
538,0990.HK
539,0991.HK
540,0993.HK
541,0995.HK
542,0996.HK
543,0997.HK
544,0999.HK
545,1001.HK
546,1002.HK
547,1003.HK
548,1010.HK
549,1013.HK
550,1033.HK
551,1036.HK
552,1038.HK
553,1041.HK
554,1043.HK
555,1044.HK
556,1045.HK
557,1046.HK
558,1047.HK
559,1049.HK
560,1050.HK
561,1051.HK
562,1052.HK
563,1053.HK
564,1055.HK
565,1057.HK
566,1058.HK
567,1059.HK
568,1062.HK
569,1063.HK
570,1064.HK
571,1068.HK
572,1070.HK
573,1071.HK
574,1072.HK
575,1076.HK
576,1082.HK
577,1083.HK
578,1088.HK
579,1093.HK
580,1097.HK
581,1098.HK
582,1100.HK
583,1104.HK
584,1105.HK
585,1109.HK
586,1111.HK
587,1114.HK
588,1115.HK
589,1116.HK
590,1118.HK
591,1120.HK
592,1122.HK
593,1123.HK
594,1124.HK
595,1125.HK
596,1126.HK
597,1130.HK
598,1131.HK
599,1132.HK
600,1135.HK
601,1137.HK
602,1138.HK
603,1139.HK
604,1149.HK
605,1160.HK
606,1161.HK
607,1164.HK
608,1166.HK
609,1168.HK
610,1169.HK
611,1170.HK
612,1171.HK
613,1172.HK
614,1173.HK
615,1175.HK
616,1177.HK
617,1178.HK
618,1180.HK
619,1184.HK
620,1185.HK
621,1187.HK
622,1188.HK
623,1189.HK
624,1191.HK
625,1192.HK
626,1193.HK
627,1194.HK
628,1196.HK
629,1200.HK
630,1201.HK
631,1203.HK
632,1205.HK
633,1207.HK
634,1208.HK
635,1212.HK
636,1213.HK
637,1218.HK
638,1220.HK
639,1221.HK
640,1222.HK
641,1223.HK
642,1224.HK
643,1225.HK
644,1226.HK
645,1227.HK
646,1228.HK
647,1229.HK
648,1382.HK
649,1383.HK
650,1388.HK
651,1398.HK
652,1399.HK
653,1556.HK
654,1800.HK
655,1808.HK
656,1818.HK
657,1868.HK
658,1882.HK
659,1883.HK
660,1886.HK
661,1888.HK
662,1889.HK
663,1898.HK
664,1919.HK
665,2000.HK
666,2005.HK
667,2006.HK
668,2018.HK
669,2028.HK
670,2038.HK
671,2088.HK
672,2300.HK
673,2302.HK
674,2307.HK
675,2310.HK
676,2313.HK
677,2314.HK
678,2317.HK
679,2318.HK
680,2319.HK
681,2320.HK
682,2322.HK
683,2323.HK
684,2324.HK
685,2326.HK
686,2327.HK
687,2328.HK
688,2330.HK
689,2331.HK
690,2333.HK
691,2336.HK
692,2338.HK
693,2339.HK
694,2340.HK
695,2341.HK
696,2342.HK
697,2343.HK
698,2345.HK
699,2348.HK
700,2355.HK
701,2356.HK
702,2357.HK
703,2358.HK
704,2366.HK
705,2368.HK
706,2369.HK
707,2371.HK
708,2379.HK
709,2380.HK
710,2383.HK
711,2388.HK
712,2389.HK
713,2600.HK
714,2628.HK
715,2662.HK
716,2668.HK
717,2678.HK
718,2688.HK
719,2689.HK
720,2698.HK
721,2700.HK
722,2727.HK
723,2728.HK
724,2777.HK
725,2788.HK
726,2866.HK
727,2868.HK
728,2877.HK
729,2878.HK
730,2880.HK
731,2882.HK
732,2883.HK
733,2888.HK
734,2889.HK
735,2898.HK
736,2899.HK
737,3303.HK
738,3308.HK
739,3311.HK
740,3318.HK
741,3322.HK
742,3323.HK
743,3328.HK
744,3330.HK
745,3335.HK
746,3336.HK
747,3339.HK
748,3344.HK
749,3355.HK
750,3366.HK
751,3368.HK
752,3378.HK
753,3383.HK
754,3393.HK
755,3398.HK
756,3800.HK
757,3899.HK
758,3900.HK
759,3918.HK
760,3968.HK
761,3983.HK
762,3988.HK
763,3989.HK
764,0015.HK
765,0026.HK
766,0028.HK
767,0033.HK
768,0042.HK
769,0047.HK
770,0048.HK
771,0051.HK
772,0063.HK
773,0065.HK
774,0067.HK
775,0070.HK
776,0072.HK
777,0073.HK
778,0079.HK
779,0080.HK
780,0082.HK
781,0087.HK
782,0090.HK
783,0094.HK
784,0096.HK
785,0098.HK
786,0105.HK
787,0106.HK
788,0111.HK
789,0117.HK
790,0125.HK
791,0131.HK
792,0132.HK
793,0141.HK
794,0143.HK
795,0149.HK
796,0151.HK
797,0153.HK
798,0158.HK
799,0159.HK
800,0160.HK
801,0161.HK
802,0162.HK
803,0165.HK
804,0166.HK
805,0168.HK
806,0181.HK
807,0182.HK
808,0183.HK
809,0189.HK
810,0193.HK
811,0195.HK
812,0196.HK
813,0198.HK
814,0202.HK
815,0206.HK
816,0208.HK
817,0212.HK
818,0215.HK
819,0216.HK
820,0220.HK
821,0222.HK
822,0228.HK
823,0231.HK
824,0234.HK
825,0238.HK
826,0241.HK
827,0245.HK
828,0246.HK
829,0252.HK
830,0258.HK
831,0263.HK
832,0266.HK
833,0269.HK
834,0274.HK
835,0278.HK
836,0280.HK
837,0281.HK
838,0285.HK
839,0287.HK
840,0288.HK
841,0289.HK
842,0295.HK
843,0312.HK
844,0313.HK
845,0320.HK
846,0327.HK
847,0331.HK
848,0333.HK
849,0334.HK
850,0339.HK
851,0348.HK
852,0351.HK
853,0354.HK
854,0359.HK
855,0360.HK
856,0361.HK
857,0362.HK
858,0365.HK
859,0368.HK
860,0371.HK
861,0377.HK
862,0389.HK
863,0390.HK
864,0396.HK
865,0399.HK
866,0400.HK
867,0401.HK
868,0410.HK
869,0416.HK
870,0419.HK
871,0422.HK
872,0426.HK
873,0430.HK
874,0433.HK
875,0434.HK
876,0436.HK
877,0442.HK
878,0444.HK
879,0445.HK
880,0449.HK
881,0455.HK
882,0459.HK
883,0462.HK
884,0465.HK
885,0467.HK
886,0468.HK
887,0469.HK
888,0472.HK
889,0479.HK
890,0484.HK
891,0486.HK
892,0495.HK
893,0500.HK
894,0503.HK
895,0505.HK
896,0506.HK
897,0509.HK
898,0510.HK
899,0512.HK
900,0520.HK
901,0529.HK
902,0530.HK
903,0540.HK
904,0542.HK
905,0543.HK
906,0546.HK
907,0548.HK
908,0550.HK
909,0553.HK
910,0556.HK
911,0564.HK
912,0565.HK
913,0569.HK
914,0573.HK
915,0574.HK
916,0579.HK
917,0580.HK
918,0582.HK
919,0586.HK
920,0588.HK
921,0591.HK
922,0600.HK
923,0602.HK
924,0603.HK
925,0606.HK
926,0623.HK
927,0631.HK
928,0633.HK
929,0635.HK
930,0636.HK
931,0639.HK
932,0640.HK
933,0645.HK
934,0647.HK
935,0656.HK
936,0658.HK
937,0660.HK
938,0662.HK
939,0663.HK
940,0672.HK
941,0673.HK
942,0676.HK
943,0677.HK
944,0679.HK
945,0681.HK
946,0689.HK
947,0691.HK
948,0695.HK
949,0699.HK
950,0701.HK
951,0703.HK
952,0705.HK
953,0707.HK
954,0712.HK
955,0713.HK
956,0722.HK
957,0726.HK
958,0733.HK
959,0735.HK
960,0743.HK
961,0745.HK
962,0747.HK
963,0750.HK
964,0753.HK
965,0756.HK
966,0757.HK
967,0772.HK
968,0775.HK
969,0776.HK
970,0777.HK
971,0784.HK
972,0787.HK
973,0788.HK
974,0789.HK
975,0794.HK
976,0797.HK
977,0798.HK
978,0799.HK
979,0800.HK
980,0801.HK
981,0802.HK
982,0803.HK
983,0804.HK
984,0806.HK
985,0807.HK
986,0811.HK
987,0813.HK
988,0814.HK
989,0815.HK
990,0816.HK
991,0817.HK
992,0819.HK
993,0821.HK
994,0822.HK
995,0825.HK
996,0826.HK
997,0827.HK
998,0829.HK
999,0830.HK
1000,0831.HK
1001,0832.HK
1002,0834.HK
1003,0837.HK
1004,0839.HK
1005,0840.HK
1006,0841.HK
1007,0844.HK
1008,0845.HK
1009,0846.HK
1010,0847.HK
1011,0848.HK
1012,0852.HK
1013,0853.HK
1014,0854.HK
1015,0859.HK
1016,0863.HK
1017,0864.HK
1018,0865.HK
1019,0866.HK
1020,0867.HK
1021,0869.HK
1022,0871.HK
1023,0872.HK
1024,0873.HK
1025,0875.HK
1026,0876.HK
1027,0877.HK
1028,0880.HK
1029,0881.HK
1030,0882.HK
1031,0884.HK
1032,0886.HK
1033,0887.HK
1034,0891.HK
1035,0893.HK
1036,0895.HK
1037,0898.HK
1038,0899.HK
1039,0904.HK
1040,0905.HK
1041,0906.HK
1042,0909.HK
1043,0910.HK
1044,0911.HK
1045,0916.HK
1046,0921.HK
1047,0922.HK
1048,0923.HK
1049,0925.HK
1050,0926.HK
1051,0931.HK
1052,0932.HK
1053,0933.HK
1054,0934.HK
1055,0935.HK
1056,0936.HK
1057,0943.HK
1058,0947.HK
1059,0948.HK
1060,0951.HK
1061,0953.HK
1062,0954.HK
1063,0956.HK
1064,0958.HK
1065,0959.HK
1066,0967.HK
1067,0968.HK
1068,0973.HK
1069,0974.HK
1070,0975.HK
1071,0976.HK
1072,0979.HK
1073,0982.HK
1074,0985.HK
1075,0988.HK
1076,0992.HK
1077,0994.HK
1078,0998.HK
1079,1000.HK
1080,1004.HK
1081,1005.HK
1082,1006.HK
1083,1007.HK
1084,1008.HK
1085,1009.HK
1086,1011.HK
1087,1019.HK
1088,1020.HK
1089,1021.HK
1090,1022.HK
1091,1023.HK
1092,1026.HK
1093,1027.HK
1094,1028.HK
1095,1029.HK
1096,1030.HK
1097,1031.HK
1098,1035.HK
1099,1037.HK
1100,1039.HK
1101,1048.HK
1102,1060.HK
1103,1061.HK
1104,1065.HK
1105,1066.HK
1106,1069.HK
1107,1073.HK
1108,1075.HK
1109,1079.HK
1110,1080.HK
1111,1085.HK
1112,1086.HK
1113,1087.HK
1114,1089.HK
1115,1090.HK
1116,1091.HK
1117,1094.HK
1118,1096.HK
1119,1099.HK
1120,1101.HK
1121,1102.HK
1122,1103.HK
1123,1106.HK
1124,1107.HK
1125,1108.HK
1126,1110.HK
1127,1112.HK
1128,1113.HK
1129,1117.HK
1130,1121.HK
1131,1127.HK
1132,1128.HK
1133,1129.HK
1134,1133.HK
1135,1140.HK
1136,1141.HK
1137,1142.HK
1138,1143.HK
1139,1145.HK
1140,1146.HK
1141,1148.HK
1142,1150.HK
1143,1151.HK
1144,1152.HK
1145,1155.HK
1146,1157.HK
1147,1159.HK
1148,1165.HK
1149,1174.HK
1150,1176.HK
1151,1181.HK
1152,1182.HK
1153,1183.HK
1154,1186.HK
1155,1190.HK
1156,1195.HK
1157,1197.HK
1158,1198.HK
1159,1199.HK
1160,1202.HK
1161,1206.HK
1162,1210.HK
1163,1211.HK
1164,1215.HK
1165,1216.HK
1166,1217.HK
1167,1219.HK
1168,1230.HK
1169,1231.HK
1170,1232.HK
1171,1233.HK
1172,1234.HK
1173,1235.HK
1174,1236.HK
1175,1237.HK
1176,1238.HK
1177,1239.HK
1178,1240.HK
1179,1241.HK
1180,1243.HK
1181,1245.HK
1182,1246.HK
1183,1247.HK
1184,1249.HK
1185,1250.HK
1186,1251.HK
1187,1252.HK
1188,1253.HK
1189,1255.HK
1190,1257.HK
1191,1258.HK
1192,1259.HK
1193,1260.HK
1194,1262.HK
1195,1263.HK
1196,1265.HK
1197,1266.HK
1198,1268.HK
1199,1269.HK
1200,1270.HK
1201,1271.HK
1202,1272.HK
1203,1273.HK
1204,1277.HK
1205,1278.HK
1206,1280.HK
1207,1281.HK
1208,1282.HK
1209,1285.HK
1210,1288.HK
1211,1289.HK
1212,1290.HK
1213,1292.HK
1214,1293.HK
1215,1296.HK
1216,1297.HK
1217,1298.HK
1218,1299.HK
1219,1300.HK
1220,1301.HK
1221,1302.HK
1222,1303.HK
1223,1305.HK
1224,1308.HK
1225,1310.HK
1226,1312.HK
1227,1313.HK
1228,1314.HK
1229,1315.HK
1230,1316.HK
1231,1317.HK
1232,1318.HK
1233,1319.HK
1234,1321.HK
1235,1322.HK
1236,1323.HK
1237,1326.HK
1238,1327.HK
1239,1328.HK
1240,1329.HK
1241,1330.HK
1242,1332.HK
1243,1333.HK
1244,1335.HK
1245,1336.HK
1246,1337.HK
1247,1338.HK
1248,1339.HK
1249,1340.HK
1250,1341.HK
1251,1345.HK
1252,1347.HK
1253,1348.HK
1254,1349.HK
1255,1353.HK
1256,1355.HK
1257,1357.HK
1258,1358.HK
1259,1359.HK
1260,1360.HK
1261,1361.HK
1262,1362.HK
1263,1363.HK
1264,1365.HK
1265,1366.HK
1266,1367.HK
1267,1368.HK
1268,1369.HK
1269,1370.HK
1270,1371.HK
1271,1372.HK
1272,1373.HK
1273,1375.HK
1274,1378.HK
1275,1380.HK
1276,1381.HK
1277,1385.HK
1278,1386.HK
1279,1387.HK
1280,1389.HK
1281,1393.HK
1282,1395.HK
1283,1396.HK
1284,1397.HK
1285,1400.HK
1286,1415.HK
1287,1417.HK
1288,1418.HK
1289,1419.HK
1290,1420.HK
1291,1421.HK
1292,1428.HK
1293,1430.HK
1294,1431.HK
1295,1432.HK
1296,1439.HK
1297,1443.HK
1298,1446.HK
1299,1447.HK
1300,1448.HK
1301,1450.HK
1302,1451.HK
1303,1452.HK
1304,1456.HK
1305,1458.HK
1306,1459.HK
1307,1460.HK
1308,1461.HK
1309,1462.HK
1310,1466.HK
1311,1468.HK
1312,1469.HK
1313,1470.HK
1314,1475.HK
1315,1476.HK
1316,1478.HK
1317,1480.HK
1318,1483.HK
1319,1486.HK
1320,1488.HK
1321,1492.HK
1322,1495.HK
1323,1496.HK
1324,1498.HK
1325,1499.HK
1326,1500.HK
1327,1508.HK
1328,1509.HK
1329,1513.HK
1330,1515.HK
1331,1518.HK
1332,1520.HK
1333,1522.HK
1334,1523.HK
1335,1526.HK
1336,1527.HK
1337,1528.HK
1338,1530.HK
1339,1532.HK
1340,1533.HK
1341,1536.HK
1342,1538.HK
1343,1539.HK
1344,1543.HK
1345,1546.HK
1346,1547.HK
1347,1548.HK
1348,1549.HK
1349,1551.HK
1350,1552.HK
1351,1555.HK
1352,1557.HK
1353,1558.HK
1354,1559.HK
1355,1560.HK
1356,1561.HK
1357,1565.HK
1358,1566.HK
1359,1568.HK
1360,1569.HK
1361,1570.HK
1362,1571.HK
1363,1572.HK
1364,1573.HK
1365,1575.HK
1366,1576.HK
1367,1577.HK
1368,1578.HK
1369,1579.HK
1370,1580.HK
1371,1581.HK
1372,1583.HK
1373,1585.HK
1374,1586.HK
1375,1587.HK
1376,1588.HK
1377,1589.HK
1378,1591.HK
1379,1592.HK
1380,1596.HK
1381,1598.HK
1382,1599.HK
1383,1600.HK
1384,1606.HK
1385,1608.HK
1386,1609.HK
1387,1610.HK
1388,1611.HK
1389,1612.HK
1390,1613.HK
1391,1616.HK
1392,1617.HK
1393,1618.HK
1394,1619.HK
1395,1620.HK
1396,1621.HK
1397,1622.HK
1398,1623.HK
1399,1626.HK
1400,1627.HK
1401,1628.HK
1402,1629.HK
1403,1630.HK
1404,1631.HK
1405,1632.HK
1406,1633.HK
1407,1635.HK
1408,1636.HK
1409,1637.HK
1410,1638.HK
1411,1639.HK
1412,1647.HK
1413,1649.HK
1414,1651.HK
1415,1652.HK
1416,1655.HK
1417,1656.HK
1418,1658.HK
1419,1659.HK
1420,1660.HK
1421,1661.HK
1422,1662.HK
1423,1663.HK
1424,1665.HK
1425,1666.HK
1426,1667.HK
1427,1668.HK
1428,1669.HK
1429,1671.HK
1430,1672.HK
1431,1673.HK
1432,1676.HK
1433,1678.HK
1434,1679.HK
1435,1680.HK
1436,1681.HK
1437,1682.HK
1438,1683.HK
1439,1685.HK
1440,1686.HK
1441,1689.HK
1442,1690.HK
1443,1693.HK
1444,1695.HK
1445,1696.HK
1446,1697.HK
1447,1698.HK
1448,1699.HK
1449,1700.HK
1450,1702.HK
1451,1705.HK
1452,1706.HK
1453,1707.HK
1454,1708.HK
1455,1709.HK
1456,1710.HK
1457,1711.HK
1458,1715.HK
1459,1716.HK
1460,1717.HK
1461,1718.HK
1462,1719.HK
1463,1720.HK
1464,1721.HK
1465,1722.HK
1466,1726.HK
1467,1727.HK
1468,1728.HK
1469,1729.HK
1470,1730.HK
1471,1731.HK
1472,1733.HK
1473,1735.HK
1474,1737.HK
1475,1738.HK
1476,1739.HK
1477,1742.HK
1478,1746.HK
1479,1749.HK
1480,1750.HK
1481,1751.HK
1482,1752.HK
1483,1757.HK
1484,1758.HK
1485,1760.HK
1486,1763.HK
1487,1765.HK
1488,1766.HK
1489,1771.HK
1490,1773.HK
1491,1775.HK
1492,1776.HK
1493,1777.HK
1494,1778.HK
1495,1786.HK
1496,1788.HK
1497,1789.HK
1498,1798.HK
1499,1799.HK
1500,1803.HK
1501,1806.HK
1502,1810.HK
1503,1811.HK
1504,1812.HK
1505,1813.HK
1506,1815.HK
1507,1816.HK
1508,1819.HK
1509,1822.HK
1510,1823.HK
1511,1826.HK
1512,1828.HK
1513,1829.HK
1514,1830.HK
1515,1831.HK
1516,1833.HK
1517,1836.HK
1518,1838.HK
1519,1848.HK
1520,1856.HK
1521,1858.HK
1522,1862.HK
1523,1863.HK
1524,1866.HK
1525,1878.HK
1526,1884.HK
1527,1885.HK
1528,1899.HK
1529,1900.HK
1530,1908.HK
1531,1910.HK
1532,1913.HK
1533,1916.HK
1534,1918.HK
1535,1928.HK
1536,1929.HK
1537,1932.HK
1538,1933.HK
1539,1938.HK
1540,1958.HK
1541,1962.HK
1542,1963.HK
1543,1966.HK
1544,1968.HK
1545,1970.HK
1546,1972.HK
1547,1975.HK
1548,1978.HK
1549,1979.HK
1550,1980.HK
1551,1982.HK
1552,1985.HK
1553,1986.HK
1554,1988.HK
1555,1989.HK
1556,1990.HK
1557,1991.HK
1558,1993.HK
1559,1996.HK
1560,1997.HK
1561,1998.HK
1562,1999.HK
1563,2001.HK
1564,2002.HK
1565,2003.HK
1566,2007.HK
1567,2008.HK
1568,2009.HK
1569,2010.HK
1570,2011.HK
1571,2012.HK
1572,2014.HK
1573,2016.HK
1574,2017.HK
1575,2020.HK
1576,2022.HK
1577,2023.HK
1578,2025.HK
1579,2030.HK
1580,2031.HK
1581,2033.HK
1582,2039.HK
1583,2048.HK
1584,2051.HK
1585,2066.HK
1586,2068.HK
1587,2078.HK
1588,2080.HK
1589,2083.HK
1590,2086.HK
1591,2098.HK
1592,2099.HK
1593,2100.HK
1594,2111.HK
1595,2112.HK
1596,2113.HK
1597,2116.HK
1598,2118.HK
1599,2119.HK
1600,2120.HK
1601,2121.HK
1602,2122.HK
1603,2123.HK
1604,2128.HK
1605,2133.HK
1606,2136.HK
1607,2138.HK
1608,2139.HK
1609,2166.HK
1610,2178.HK
1611,2182.HK
1612,2183.HK
1613,2186.HK
1614,2188.HK
1615,2193.HK
1616,2196.HK
1617,2198.HK
1618,2199.HK
1619,2200.HK
1620,2202.HK
1621,2203.HK
1622,2208.HK
1623,2211.HK
1624,2212.HK
1625,2213.HK
1626,2218.HK
1627,2221.HK
1628,2222.HK
1629,2223.HK
1630,2225.HK
1631,2226.HK
1632,2227.HK
1633,2228.HK
1634,2229.HK
1635,2232.HK
1636,2233.HK
1637,2236.HK
1638,2238.HK
1639,2239.HK
1640,2255.HK
1641,2262.HK
1642,2266.HK
1643,2268.HK
1644,2269.HK
1645,2277.HK
1646,2278.HK
1647,2280.HK
1648,2281.HK
1649,2282.HK
1650,2283.HK
1651,2286.HK
1652,2288.HK
1653,2289.HK
1654,2292.HK
1655,2293.HK
1656,2298.HK
1657,2299.HK
1658,2303.HK
1659,2308.HK
1660,2309.HK
1661,2312.HK
1662,2329.HK
1663,2337.HK
1664,2349.HK
1665,2362.HK
1666,2363.HK
1667,2377.HK
1668,2378.HK
1669,2382.HK
1670,2386.HK
1671,2393.HK
1672,2398.HK
1673,2399.HK
1674,2448.HK
1675,2468.HK
1676,2488.HK
1677,2588.HK
1678,2601.HK
1679,2607.HK
1680,2608.HK
1681,2611.HK
1682,2623.HK
1683,2633.HK
1684,2638.HK
1685,2663.HK
1686,2666.HK
1687,2669.HK
1688,2683.HK
1689,2686.HK
1690,2699.HK
1691,2708.HK
1692,2722.HK
1693,2738.HK
1694,2768.HK
1695,2779.HK
1696,2789.HK
1697,2799.HK
1698,2858.HK
1699,2863.HK
1700,2869.HK
1701,2886.HK
1702,3300.HK
1703,3301.HK
1704,3302.HK
1705,3306.HK
1706,3309.HK
1707,3313.HK
1708,3315.HK
1709,3319.HK
1710,3320.HK
1711,3326.HK
1712,3329.HK
1713,3331.HK
1714,3332.HK
1715,3333.HK
1716,3337.HK
1717,3358.HK
1718,3360.HK
1719,3363.HK
1720,3369.HK
1721,3377.HK
1722,3380.HK
1723,3382.HK
1724,3389.HK
1725,3395.HK
1726,3396.HK
1727,3399.HK
1728,3600.HK
1729,3606.HK
1730,3608.HK
1731,3613.HK
1732,3618.HK
1733,3623.HK
1734,3626.HK
1735,3628.HK
1736,3633.HK
1737,3636.HK
1738,3638.HK
1739,3639.HK
1740,3663.HK
1741,3666.HK
1742,3669.HK
1743,3678.HK
1744,3683.HK
1745,3686.HK
1746,3688.HK
1747,3689.HK
1748,3698.HK
1749,3699.HK
1750,3700.HK
1751,3708.HK
1752,3709.HK
1753,3728.HK
1754,3737.HK
1755,3738.HK
1756,3768.HK
1757,3773.HK
1758,3777.HK
1759,3778.HK
1760,3788.HK
1761,3789.HK
1762,3799.HK
1763,3808.HK
1764,3813.HK
1765,3816.HK
1766,3818.HK
1767,3822.HK
1768,3823.HK
1769,3828.HK
1770,3830.HK
1771,3833.HK
1772,3836.HK
1773,3838.HK
1774,3839.HK
1775,3848.HK
1776,3866.HK
1777,3869.HK
1778,3878.HK
1779,3882.HK
1780,3883.HK
1781,3886.HK
1782,3888.HK
1783,3889.HK
1784,3893.HK
1785,3898.HK
1786,3903.HK
1787,3908.HK
1788,3919.HK
1789,3933.HK
1790,3939.HK
1791,3948.HK
1792,3958.HK
1793,3963.HK
1794,3966.HK
1795,3969.HK
1796,3993.HK
1797,3996.HK
1798,3997.HK
1799,3998.HK
1800,3999.HK
1801,6030.HK
1802,6033.HK
1803,6036.HK
1804,6038.HK
1805,6060.HK
1806,6066.HK
1807,6068.HK
1808,6080.HK
1809,6083.HK
1810,6088.HK
1811,6090.HK
1812,6098.HK
1813,6099.HK
1814,6100.HK
1815,6108.HK
1816,6113.HK
1817,6116.HK
1818,6118.HK
1819,6119.HK
1820,6122.HK
1821,6123.HK
1822,6128.HK
1823,6133.HK
1824,6136.HK
1825,6138.HK
1826,6139.HK
1827,6158.HK
1828,6160.HK
1829,6161.HK
1830,6163.HK
1831,6166.HK
1832,6168.HK
1833,6169.HK
1834,6178.HK
1835,6182.HK
1836,6183.HK
1837,6188.HK
1838,6189.HK
1839,6190.HK
1840,6196.HK
1841,6198.HK
1842,6288.HK
1843,6808.HK
1844,6816.HK
1845,6818.HK
1846,6822.HK
1847,6823.HK
1848,6826.HK
1849,6828.HK
1850,6829.HK
1851,6830.HK
1852,6833.HK
1853,6836.HK
1854,6837.HK
1855,6838.HK
1856,6839.HK
1857,6858.HK
1858,6860.HK
1859,6863.HK
1860,6865.HK
1861,6866.HK
1862,6868.HK
1863,6869.HK
1864,6877.HK
1865,6878.HK
1866,6880.HK
1867,6881.HK
1868,6882.HK
1869,6885.HK
1870,6886.HK
1871,6888.HK
1872,6889.HK
1873,6893.HK
1874,6896.HK
1875,6898.HK
1876,6899.HK
